count,20.0
mean,107.72999999999999
std,1.7004952838882892
min,104.9
25%,106.725
50%,107.4
75%,108.75
max,111.7
