count,20.0
mean,36.30500000000001
std,1.2145932825869177
min,34.5
25%,35.3
50%,36.150000000000006
75%,37.05
max,38.9
