count,20.0
mean,36.385000000000005
std,0.7242237223399967
min,35.1
25%,36.0
50%,36.349999999999994
75%,36.800000000000004
max,37.7
