count,20.0
mean,35.410000000000004
std,0.9893644956552445
min,33.6
25%,
50%,
75%,
max,37.8
